name,id,mean_duration,mean_game,total,game_played
JIMMY HAYES,8474625,46.08814814814815,13.826444444444444,1036.9833333333333,75
MARIAN GABORIK,8468483,46.20229007633588,14.944444444444445,807.0,54
JORI LEHTERA,8474627,40.14323328067404,16.082700421940928,1270.5333333333333,79
MICHAEL STONE,8474628,44.93288888888889,22.466444444444445,1684.9833333333333,75
SCOTT HARTNELL,8468486,45.483374384236456,15.583333333333334,1231.0833333333333,79
MICHAEL HUTCHINSON,8474636,889.3177570093458,52.865,1585.95,30
RON HAINSEY,8468493,48.513525498891354,22.509876543209877,1823.3,81
ANDREW CAMPBELL,8474638,34.46280991735537,11.583333333333334,69.5,6
CHRIS KUNITZ,8470543,42.956382978723404,16.824583333333333,1345.9666666666667,80
ADAM HENRIQUE,8474641,46.926528599605525,19.826458333333335,1586.1166666666666,80
LANCE BOUMA,8474642,38.23586040914561,12.03560606060606,529.5666666666667,44
BROOKS ORPIK,8468498,46.635406698564594,19.81056910569106,812.2333333333333,41
BRAD BOYES,8468504,41.1192748091603,11.970277777777778,718.2166666666667,60
STEVE OTT,8468505,38.10803324099723,10.918253968253968,229.28333333333333,21
BRADEN HOLTBY,8474651,948.440329218107,58.199747474747475,3841.1833333333334,66
JUSTIN WILLIAMS,8468508,48.16696061140505,16.652845528455284,1365.5333333333333,82
NIKLAS KRONWALL,8468509,44.95531914893617,22.009375,1408.6,64
NICK SCHULTZ,8468513,40.62552398695855,17.947119341563788,1453.7166666666667,81
DENNIS SEIDENBERG,8469619,47.01655629139073,19.397540983606557,1183.25,61
DAVID WARSOFSKY,8474660,44.319607843137256,17.12348484848485,376.71666666666664,22
MICHAL JORDAN,8474661,44.32205683355886,15.16388888888889,545.9,36
DALE WEISE,8474668,40.64509246088193,13.414788732394365,952.45,71
JARRET STOLL,8468526,39.096989966555185,12.177083333333334,974.1666666666666,80
TJ BRODIE,8474673,50.3531086853346,25.26047619047619,1768.2333333333333,70
GUSTAV NYQUIST,8474679,45.400243309002434,15.170325203252032,1243.9666666666667,82
ANTOINE VERMETTE,8468535,43.83766608896592,16.641008771929826,1264.7166666666667,76
DUSTIN TOKARSKI,8474682,969.2857142857143,37.69444444444444,226.16666666666666,6
DEREK GRANT,8474683,36.39776951672862,10.87888888888889,163.18333333333334,15
MATT CALVERT,8474685,44.7407157326131,15.128082191780823,1104.35,73
PAUL MARTIN,8468542,49.87455012853471,20.727777777777778,1616.7666666666667,78
GREG PATERYN,8474688,45.842737094837936,16.748684210526317,636.45,38
MARC-ANDRE FLEURY,8470594,952.9954128440367,59.69913793103448,3462.55,58
ERIC STAAL,8470595,46.52870090634441,18.555421686746985,1540.1,83
THOMAS VANEK,8470598,48.33472803347281,15.610810810810811,1155.2,74
MILAN MICHALEK,8470599,46.347177848775296,16.118518518518517,725.3333333333334,45
RYAN SUTER,8470600,54.273533950617285,28.592886178861786,2344.616666666667,82
MARK BOROWIECKI,8474697,42.10967250571211,14.626984126984127,921.5,63
DION PHANEUF,8470602,44.60262417994377,22.34319248826291,1586.3666666666666,71
BRAYDON COBURN,8470601,46.615072463768115,16.752291666666668,1340.1833333333334,80
JEFF CARTER,8470604,47.56662933930571,18.388311688311685,1415.9,77
BRENT REGNER,8474698,43.4375,11.583333333333334,81.08333333333333,7
DUSTIN BROWN,8470606,44.85512965050733,16.173373983739836,1326.2166666666667,82
BRENT SEABROOK,8470607,44.97849898580122,22.813168724279834,1847.8666666666666,81
MIKE BLUNDEN,8471663,41.87096774193548,8.653333333333334,173.06666666666666,20
STEVE BERNIER,8470609,40.521303258145366,11.227777777777778,269.46666666666664,24
ZACH PARISE,8470610,49.770270270270274,19.291904761904764,1350.4333333333334,70
ERIC FEHR,8470611,38.09372236958444,13.055757575757577,718.0666666666667,55
RYAN GETZLAF,8470612,47.70619375330863,19.505844155844155,1501.95,77
BRENT BURNS,8470613,56.880159786950735,26.046951219512195,2135.85,82
MARK STUART,8470614,46.3350553505535,16.35,1046.4,64
MATT MARTIN,8474709,40.72508038585209,10.554583333333333,844.3666666666667,80
RYAN KESLER,8470616,43.44439230408259,19.531645569620252,1543.0,79
MIKE RICHARDS,8470617,42.02064896755162,12.175213675213676,474.8333333333333,39
BRIAN BOYLE,8470619,44.905415713196035,12.91030701754386,981.1833333333333,76
JARED SPURGEON,8474716,46.19708994708995,22.67857142857143,1746.25,77
CAM ATKINSON,8474715,45.192789968652036,17.798148148148147,1441.65,81
PATRICK EAVES,8470622,41.09286412512219,12.974691358024693,700.6333333333333,54
DOMINIC MOORE,8468575,39.81035558328135,13.295,1063.6,80
COREY PERRY,8470621,48.054054054054056,17.70772357723577,1452.0333333333333,82
BOBBY FARNHAM,8476769,42.06818181818182,9.313207547169812,493.6,53
LOUI ERIKSSON,8470626,49.50929752066116,19.481707317073173,1597.5,82
LUKE WITKOWSKI,8474722,42.775,7.129166666666666,28.516666666666666,4
BRIAN O'NEILL,8476772,40.58456973293769,10.361363636363636,227.95,22
MARK BARBERIO,8474717,46.5448275862069,14.997777777777777,449.93333333333334,30
KEVIN KLEIN,8470630,42.86033519553072,20.384541062801933,1406.5333333333333,69
BEN SMITH,8474727,39.80548628428928,12.092424242424242,266.03333333333336,22
BRAD HUNT,8476779,45.80769230769231,14.178571428571427,99.25,7
PATRICE BERGERON,8470638,45.77259615384615,19.834791666666668,1586.7833333333333,80
ZAC RINALDO,8474736,41.88187702265372,8.295833333333333,431.3833333333333,52
MATT CARLE,8470640,46.25556353194544,16.7796875,1073.9,64
SHEA WEBER,8470642,50.88431876606684,25.376923076923074,1979.4,78
TOMMY WINGELS,8474739,39.79256080114449,13.634803921568627,927.1666666666666,68
COLIN MCDONALD,8470644,40.71666666666667,8.143333333333334,40.71666666666667,5
COREY CRAWFORD,8470645,940.372641509434,57.28706896551724,3322.65,58
ZACH REDMOND,8474743,41.8384,11.778828828828829,435.81666666666666,37
TOREY KRUG,8476792,48.340082834790614,21.613786008230456,1750.7166666666667,81
SEAN COLLINS,8474744,42.625,8.525,17.05,2
MATT BARTKOWSKI,8474749,43.96064928676832,18.61916666666667,1489.5333333333333,80
DAVID BACKES,8470655,41.94707777266452,19.230168776371308,1519.1833333333334,79
JIMMY HOWARD,8470657,806.9183673469388,52.025,1976.95,38
MATT HENDRICKS,8468611,41.323641928079574,13.237745098039216,900.1666666666666,68
JT BROWN,8476806,45.148736462093865,13.361324786324786,1042.1833333333334,78
MATT TENNYSON,8476807,41.026905829596416,10.165555555555555,304.96666666666664,30
BRIAN FLYNN,8476808,35.35695067264574,11.733035714285714,657.05,56
CLARKE MACARTHUR,8470667,43.43333333333333,10.858333333333333,43.43333333333333,4
ANDERS LINDBACK,8474765,862.984126984127,47.691228070175434,906.1333333333333,19
DOMINIK SIMON,8478866,39.035714285714285,6.072222222222222,18.216666666666665,3
JEREMY WELSH,8476819,38.34615384615385,8.308333333333334,16.616666666666667,2
DALTON PROUT,8474774,44.67841726618705,16.17265625,1035.05,64
LUKE GLENDENING,8476822,40.16326530612245,14.577777777777778,1180.8,81
YANNI GOURDE,8476826,41.80952380952381,7.316666666666666,14.633333333333333,2
TRAVIS MOEN,8468635,38.715753424657535,8.192028985507246,188.41666666666666,23
JOHN-MICHAEL LILES,8468639,45.853159851301115,20.303703703703704,1644.6,81
RYAN MURRAY,8476850,49.779893711248896,22.846138211382115,1873.3833333333334,82
ALEX GALCHENYUK,8476851,43.68978700163845,16.259349593495934,1333.2666666666667,82
GRIFFIN REINHART,8476852,44.54674220963173,18.07471264367816,524.1666666666666,29
MORGAN RIELLY,8476853,45.839149618933014,23.227032520325203,1904.6166666666666,82
HAMPUS LINDHOLM,8476854,50.29,22.001875,1760.15,80
NAIL YAKUPOV,8476855,44.196891191709845,14.216666666666667,853.0,60
MATT DUMBA,8476856,46.635327635327634,16.840534979423868,1364.0833333333333,81
PHILLIP DI GIUSEPPE,8476858,44.462610899873255,14.260569105691056,584.6833333333333,41
COREY POTTER,8470714,46.526315789473685,14.733333333333333,14.733333333333333,1
JOHN MCFARLAND,8475756,36.40816326530612,9.91111111111111,29.733333333333334,3
DERYK ENGELLAND,8468674,42.63556457065585,15.231400966183575,1050.9666666666667,69
JORDIE BENN,8474818,41.36751548520303,15.652864583333333,1001.7833333333333,64
KYLE QUINCEY,8470724,41.46800595238095,19.76347517730496,928.8833333333333,47
BRENDAN GAUNCE,8476867,43.00561797752809,12.758333333333333,255.16666666666666,20
STEFAN MATTEAU,8476870,40.87577639751553,10.2828125,329.05,32
TANNER PEARSON,8476871,42.18030769230769,14.46054852320675,1142.3833333333334,79
SCOTT LAUGHTON,8476872,41.346976744186044,10.433802816901409,740.8,71
BRADY SKJEI,8476869,41.608938547486034,17.733333333333334,124.13333333333334,7
OLLI MAATTA,8476874,43.82304751501911,19.960199004975127,1337.3333333333333,67
TYSON STRACHAN,8470729,43.142857142857146,7.55,15.1,2
MIKE MATHESON,8476875,50.095238095238095,17.533333333333335,52.6,3
HENRIK LUNDQVIST,8468685,963.1574468085106,58.03641025641026,3772.366666666667,65
ZEMGUS GIRGENSONS,8476878,44.45107564191534,15.036150234741784,1067.5666666666666,71
CODY CECI,8476879,47.43364281813217,19.30022222222222,1447.5166666666667,75
SERGEI PLOTNIKOV,8478928,41.28792569659443,9.878518518518518,444.53333333333336,45
TOMAS HERTL,8476881,43.514013452914796,15.973045267489711,1293.8166666666666,81
TEUVO TERAVAINEN,8476882,43.05395683453237,15.344871794871796,1196.9,78
JAROMIR JAGR,8448208,50.084158415841586,17.07510548523207,1348.9333333333334,79
LEE STEMPNIAK,8470740,45.81370005189414,17.943699186991868,1471.3833333333334,82
JACOB TROUBA,8476885,49.810961449140734,22.066460905349796,1787.3833333333334,81
TOM WILSON,8476880,43.81448275862069,12.91280487804878,1058.85,82
FILIP FORSBERG,8476887,45.77099609375,19.052642276422766,1562.3166666666666,82
MIKHAIL GRIGORENKO,8476888,46.8235294117647,13.266666666666667,981.7333333333333,74
SLATER KOEKKOEK,8476886,39.77857142857143,10.312962962962963,92.81666666666666,9
RADEK FAKSA,8476889,39.99400479616307,12.353703703703703,555.9166666666666,45
ANDREI VASILEVSKIY,8476883,848.5168539325842,52.44305555555556,1258.6333333333334,24
COLTON PARAYKO,8476892,44.11617858857417,19.38691983122363,1531.5666666666666,79
PAUL GAUSTAD,8468700,37.440528634361236,11.242063492063492,708.25,63
JOHN MITCHELL,8470750,44.21170864533696,15.245774647887323,1082.45,71
DEREK FORBORT,8475762,39.81974248927039,11.045238095238094,154.63333333333333,14
BRENDAN LEIPSIC,8476894,40.682539682539684,14.238888888888889,85.43333333333334,6
ANTOINE ROUSSEL,8474849,39.24129793510325,13.857083333333332,1108.5666666666666,80
BRANDON MASHINTER,8474850,36.210216110019644,7.4922764227642284,307.18333333333334,41
BRAD RICHARDSON,8470755,44.120551090700346,15.621544715447154,1280.9666666666667,82
MATT MURRAY,8476899,976.4130434782609,57.583333333333336,748.5833333333334,13
OSKAR SUNDQVIST,8476897,43.16279069767442,10.31111111111111,185.6,18
ESA LINDELL,8476902,44.946666666666665,14.045833333333333,56.18333333333333,4
MARC METHOT,8470760,48.59375,20.658212560386474,1425.4166666666667,69
CHANDLER STEPHENSON,8476905,44.197916666666664,7.857407407407408,70.71666666666667,9
SHAYNE GOSTISBEHERE,8476906,49.326726342711,20.090364583333333,1285.7833333333333,64
CHRIS DRIEDGER,8476904,636.3333333333334,31.816666666666666,31.816666666666666,1
SCOTT KOSMACHUK,8476910,43.25,11.533333333333333,92.26666666666667,8
DEVIN SHORE,8476913,43.62,12.116666666666667,36.35,3
JOONAS KORPISALO,8476914,1001.6944444444445,58.16290322580645,1803.05,31
JUJHAR KHAIRA,8476915,40.69432314410481,10.354444444444445,155.31666666666666,15
RYAN JOHNSTON,8478963,54.25925925925926,16.27777777777778,48.833333333333336,3
ADAM PELECH,8476917,49.963157894736845,17.57962962962963,158.21666666666667,9
TYLER JOHNSON,8474870,50.11087570621469,17.13937198067633,1182.6166666666666,69
CHRIS TIERNEY,8476919,40.187017994858614,13.192194092827005,1042.1833333333334,79
NATE THOMPSON,8470775,37.703539823008846,11.593197278911564,568.0666666666667,49
JORDAN MARTINOOK,8476921,43.30029325513196,15.190740740740742,1230.45,81
DREW MILLER,8470778,41.354838709677416,12.972619047619048,363.23333333333335,28
DAMON SEVERSON,8476923,47.187011425135296,18.164814814814815,1307.8666666666666,72
COLTON SISSONS,8476925,40.07297830374753,9.959313725490196,338.6166666666667,34
PATRIK ELIAS,8460542,43.58529411764706,15.436458333333333,246.98333333333332,16
TJ OSHIE,8471698,48.99031216361679,18.96333333333333,1517.0666666666666,80
JAKE MCCABE,8476931,43.74591381872214,19.117532467532467,1472.05,77
MIKE HOFFMAN,8474884,49.04540023894862,17.543162393162394,1368.3666666666666,78
ANDREW COGLIANO,8471699,39.056105610561055,14.43170731707317,1183.4,82
BROCK MCGINN,8476934,42.191616766467064,11.184126984126983,234.86666666666667,21
MARTIN JONES,8474889,930.9508196721312,58.24410256410257,3785.866666666667,65
JOE PAVELSKI,8470794,47.57930367504836,19.99878048780488,1639.9,82
CONNOR CARRICK,8476941,43.83168316831683,15.533333333333333,295.1333333333333,19
BRENDAN WOODS,8476944,40.8125,8.706666666666667,43.53333333333333,5
CONNOR HELLEBUYCK,8476945,914.9787234042553,55.13333333333333,1433.4666666666667,26
KYLE BRODZIAK,8470803,37.988434849653046,10.805043859649123,821.1833333333333,76
CHARLES HUDON,8476948,41.84782608695652,10.694444444444445,32.083333333333336,3
NIKLAS TREUTLE,8478999,745.5,24.85,49.7,2
TREVOR CARRICK,8476953,45.43181818181818,16.658333333333335,33.31666666666667,2
PETTER GRANBERG,8475774,42.49713193116635,13.719753086419754,370.43333333333334,27
TAYLOR LEIER,8476955,40.289855072463766,7.722222222222222,46.333333333333336,6
JACCOB SLAVIN,8476958,48.90937114673243,20.987037037037037,1322.1833333333334,63
TYE MCGINN,8475775,42.708333333333336,8.541666666666666,17.083333333333332,2
ANDREAS ATHANASIOU,8476960,38.64671814671814,9.017567567567568,333.65,37
JOEL HANLEY,8477810,44.43981481481482,15.998333333333333,159.98333333333332,10
BRETT KULAK,8476967,40.58904109589041,12.345833333333333,98.76666666666667,8
TOBIAS ENSTROM,8470828,47.31670168067227,20.85439814814815,1501.5166666666667,72
CEDRIC PAQUETTE,8476975,44.35647668393782,12.739285714285716,713.4,56
DUSTIN BYFUGLIEN,8470834,55.06294964028777,25.19753086419753,2041.0,81
ERIK GUSTAFSSON,8476979,43.988425925925924,15.449593495934959,633.4333333333333,41
JOSH ANDERSON,8476981,43.51977401129943,10.698611111111111,128.38333333333333,12
MICHAEL ZALEWSKI,8477816,43.55102040816327,11.855555555555556,35.56666666666667,3
PETTERI LINDBOHM,8476989,44.96195652173913,13.788333333333332,137.88333333333333,10
VINNIE HINOSTROZA,8476994,40.10989010989011,8.690476190476192,60.833333333333336,7
MORGAN ELLIS,8475782,40.3,8.955555555555556,26.866666666666667,3
MATT MOULSON,8470852,44.705564142194746,11.903086419753087,964.15,81
TANNER GLASS,8470854,38.07142857142857,10.2859649122807,586.3,57
LINUS ULLMARK,8476999,929.3150684931506,56.53333333333333,1130.6666666666667,20
JAROSLAV HALAK,8470860,987.9606299212599,58.088425925925925,2091.1833333333334,36
CHRISTOPH BERTSCHY,8477006,39.0625,6.944444444444445,20.833333333333332,3
JOSEPH BLANDISI,8477010,48.584810126582276,15.602439024390243,639.7,41
CHRIS PORTER,8470871,40.91531322505801,9.636338797814208,587.8166666666667,61
ZACH HYMAN,8475786,41.830555555555556,15.686458333333333,250.98333333333332,16
CONNOR BROWN,8477015,44.59574468085106,14.971428571428572,104.8,7
BEN HUTTON,8477018,45.44207317073171,19.873333333333335,1490.5,75
DAVID JONES,8470877,39.25385694249649,12.439111111111112,932.9333333333333,75
BRIAN ELLIOTT,8470880,893.2894736842105,53.88095238095238,2263.0,42
CLAYTON STONER,8470886,44.43683702989392,15.360333333333333,768.0166666666667,50
VIKTOR LOOV,8477033,37.46268656716418,10.458333333333334,41.833333333333336,4
DYLAN MCILRATH,8475795,41.04415954415954,14.124019607843138,480.21666666666664,34
DAVID CLARKSON,8470920,42.11920529801324,9.217391304347826,212.0,23
JARRED TINORDI,8475797,43.77040816326531,14.298333333333334,142.98333333333332,10
JC LIPON,8477076,41.8,6.966666666666667,62.7,9
ERIC BOULTON,8460720,38.80681818181818,9.48611111111111,56.916666666666664,6
CONOR SHEARY,8477839,42.69983416252073,9.753030303030302,429.1333333333333,44
MATT TAORMINA,8475060,41.09836065573771,13.927777777777777,41.78333333333333,3
MARK GIORDANO,8470966,48.85102122547057,24.79288617886179,2033.0166666666667,82
JAYSON MEGNA,8477126,41.205607476635514,12.247222222222224,73.48333333333333,6
RYAN CARPENTER,8477846,34.38461538461539,7.45,7.45,1
TYLER BOZAK,8475098,42.514695340501795,17.341520467836254,988.4666666666667,57
JORDAN OESTERLE,8477851,47.92173913043478,21.611764705882354,367.4,17
ZACH SILL,8475119,42.57142857142857,9.933333333333334,99.33333333333333,10
JORDAN SCHROEDER,8475147,41.14565826330532,9.41602564102564,244.81666666666666,26
MARCUS JOHANSSON,8475149,50.602739726027394,16.63963963963964,1231.3333333333333,74
JORDAN CARON,8475150,38.23529411764706,8.125,32.5,4
KYLE PALMIERI,8475151,47.931619256017505,17.808739837398374,1460.3166666666666,82
DYLAN OLSEN,8475153,46.815602836879435,13.752083333333333,110.01666666666667,8
ANDREW HAMMOND,8477202,837.7676767676768,57.59652777777777,1382.3166666666666,24
SIMON DESPRES,8475155,48.6258064516129,19.627604166666668,628.0833333333334,32
ANDREJ SUSTR,8477205,47.17040630685264,16.836363636363636,1296.4,77
RYAN O'REILLY,8475158,50.458310626702996,21.734976525821597,1543.1833333333334,71
LANDON FERRARO,8475157,41.23238095238095,10.611274509803922,721.5666666666667,68
KYLE CLIFFORD,8475160,41.33552631578947,9.349702380952381,523.5833333333334,56
CHRIS BROWN,8475161,41.90909090909091,7.683333333333334,7.683333333333334,1
BUDDY ROBINSON,8477210,36.857142857142854,8.6,25.8,3
ALEX CHIASSON,8475163,40.413726747915334,13.637445887445887,1050.0833333333333,77
JAKOB SILFVERBERG,8475164,42.24279210925645,16.97439024390244,1391.9,82
ANTON LANDER,8475165,39.36153161175423,12.077322404371584,736.7166666666667,61
JOHN TAVARES,8475166,53.65481651376147,19.994444444444447,1559.5666666666666,78
VICTOR HEDMAN,8475167,52.73571079628725,23.066239316239315,1799.1666666666667,78
MATT DUCHENE,8475168,48.55269186712486,18.590570175438597,1412.8833333333334,76
EVANDER KANE,8475169,52.86404639175258,21.03717948717949,1367.4166666666667,65
BRAYDEN SCHENN,8475170,47.145930232558136,16.893958333333334,1351.5166666666667,80
OLIVER EKMAN-LARSSON,8475171,52.40385519511048,24.769555555555556,1857.7166666666667,75
NAZEM KADRI,8475172,43.810199789695055,18.2734649122807,1388.7833333333333,76
NATE SCHMIDT,8477220,46.29952550415184,18.069675925925928,1301.0166666666667,72
JARED COWEN,8475174,46.88308457711443,16.97927927927928,628.2333333333333,37
DANNY DEKEYSER,8477215,42.21969383533306,21.80448717948718,1700.75,78
RYAN ELLIS,8475176,48.94219367588933,20.898523206751054,1650.9833333333333,79
CALVIN DE HAAN,8475177,51.9731778425656,20.63287037037037,1485.5666666666666,72
MAGNUS PAAJARVI,8475175,39.53846153846154,12.85,616.8,48
DMITRY KULIKOV,8475179,51.6554203539823,21.03445945945946,1556.55,74
PETER HOLLAND,8475180,42.716206123973116,14.665897435897437,953.2833333333333,65
NICK LEDDY,8475181,55.487127713276124,22.61728395061728,1832.0,81
DAVID RUNDBLAD,8475182,44.09659090909091,14.372222222222224,129.35,9
ZACK KASSIAN,8475178,44.90150250417362,12.45185185185185,448.26666666666665,36
CHRIS KREIDER,8475184,45.10196779964222,15.956962025316455,1260.6,79
JACOB JOSEFSON,8475185,41.615562403698,15.522126436781608,900.2833333333333,58
JOHN MOORE,8475186,45.302919708029194,19.83812785388128,1448.1833333333334,73
BRAYDEN MCNABB,8475188,43.31643770724775,18.815020576131687,1524.0166666666667,81
MIKE CONDON,8477237,887.9810426540284,56.776969696969694,3122.733333333333,55
REILLY SMITH,8475191,46.788962698007154,18.6109756097561,1526.1,82
TAYLOR BECK,8475192,42.416666666666664,8.483333333333333,16.966666666666665,2
TOMAS TATAR,8475193,43.56464709556527,14.351234567901233,1162.45,81
PHILIP SAMUELSSON,8475194,41.0,15.8875,63.55,4
ANDERS NILSSON,8475195,882.6960784313726,51.74425287356322,1500.5833333333333,29
CHAD RUHWEDEL,8477244,40.43478260869565,15.5,15.5,1
TYSON BARRIE,8475197,50.989287377736375,23.39188034188034,1824.5666666666666,78
BRANDON TANEV,8479293,38.714285714285715,12.044444444444444,36.13333333333333,3
ERIC GELINAS,8475199,44.44846050870147,13.834583333333335,553.3833333333333,40
DMITRY ORLOV,8475200,46.38235294117647,16.026422764227643,1314.1666666666667,82
DREW MILLER,8477249,37.747126436781606,9.122222222222224,54.733333333333334,6
CHARLIE LINDGREN,8479292,1200.0,60.0,60.0,1
BRANDON PIRRI,8475204,47.95126353790614,14.51639344262295,885.5,61
STEFAN ELLIOTT,8475206,42.198581560283685,14.166666666666666,297.5,21
BRIAN DUMOULIN,8475208,42.14595103578154,18.885654008438816,1491.9666666666667,79
RICHARD PANIK,8475209,42.30151843817787,10.833888888888888,325.01666666666665,30
DREW SHORE,8475213,45.37837837837838,13.991666666666667,27.983333333333334,2
ROBIN LEHNER,8475215,891.4935064935065,54.48015873015873,1144.0833333333333,21
DAINIUS ZUBRUS,8464977,39.82703321878579,11.589666666666666,579.4833333333333,50
MATTIAS EKHOLM,8475218,46.93166823751178,20.241666666666667,1659.8166666666666,82
MARCUS FOLIGNO,8475220,42.83754512635379,13.184444444444445,988.8333333333334,75
SAMI VATANEN,8475222,48.73698336017176,21.313849765258215,1513.2833333333333,71
LINDEN VEY,8475223,46.461630695443645,15.751626016260163,645.8166666666667,41
CRAIG SMITH,8475225,43.84330985915493,15.184756097560976,1245.15,82
CHRIS WIDEMAN,8475227,43.729795918367344,13.950260416666667,892.8166666666667,64
MATT CULLEN,8464989,38.867956744450765,13.880284552845529,1138.1833333333334,82
CASEY CIZIKAS,8475231,38.692943420216146,12.68,1014.4,80
DAVID SAVARD,8475233,51.55333713633771,23.172564102564102,1506.2166666666667,65
JEAN-FRANCOIS BERUBE,8475234,886.0,56.95714285714286,398.7,7
NICOLAS DESLAURIERS,8475235,43.29241516966068,10.328333333333335,722.9833333333333,70
CODY EAKIN,8475236,41.877795111804474,16.368089430894308,1342.1833333333334,82
MICHAEL RAFFL,8477290,42.95054945054945,14.29939024390244,1172.55,82
ANTTI RAANTA,8477293,884.8846153846154,46.014,1150.35,25
KEVIN CONNAUTON,8475246,44.71095890410959,16.73794871794872,1087.9666666666667,65
MICHAEL LATTA,8475247,42.83572895277207,8.085658914728683,347.68333333333334,43
ZDENO CHARA,8465009,49.42948717948718,24.096875,1927.75,80
ANDREJ NESTRASIL,8475250,44.053953488372095,14.35090909090909,789.3,55
VIKTOR SVEDBERG,8477300,41.63132137030995,15.753086419753087,425.3333333333333,27
GARRETT WILSON,8475253,43.95687331536388,9.372413793103448,271.8,29
CORBAN KNIGHT,8475260,43.78030303030303,9.631666666666666,192.63333333333333,20
GABRIEL BOURQUE,8475268,41.84871794871795,12.36439393939394,272.01666666666665,22
SETH HELGESON,8475274,41.64921465968586,13.956140350877194,265.1666666666667,19
BYRON FROESE,8475278,38.15107913669065,12.626190476190477,707.0666666666667,56
BEN CHIAROT,8475279,48.231135822081015,14.457857142857142,1012.05,70
JOEL VERMIN,8477326,46.33802816901409,9.13888888888889,54.833333333333336,6
YANN DANIS,8471186,757.5,25.25,50.5,2
ERIK HAULA,8475287,40.928067700987306,12.72719298245614,967.2666666666667,76
DAN BOYLE,8467096,44.52878464818763,18.81441441441441,1392.2666666666667,74
TYLER RANDELL,8475292,41.13454545454545,6.9827160493827165,188.53333333333333,27
MICHAL ROZSIVAL,8465058,45.11952554744526,16.160457516339868,824.1833333333333,51
JONI ORTIO,8475299,864.2530120481928,54.34318181818182,1195.55,22
KRISTERS GUDLEVSKIS,8477356,719.4,59.95,59.95,1
ALEX OVECHKIN,8471214,56.16219369894983,20.3084388185654,1604.3666666666666,79
EVGENI MALKIN,8471215,49.031088082901555,19.368713450292397,1104.0166666666667,57
CURTIS MCKENZIE,8475310,41.68421052631579,8.8,26.4,3
ANDREW LADD,8471217,45.301587301587304,18.904700854700856,1474.5666666666666,78
BLAKE WHEELER,8471218,46.3155640171347,19.778252032520324,1621.8166666666666,82
ANDERS LEE,8475314,46.67578385590394,14.576458333333333,1166.1166666666666,80
AL MONTOYA,8471219,953.8117647058823,54.04933333333334,1351.2333333333333,25
DARCY KUEMPER,8475311,818.0,50.63809523809524,1063.4,21
LADISLAV SMID,8471222,40.672872340425535,11.585606060606061,254.88333333333333,22
PHIL VARONE,8475321,38.2875,8.508333333333333,51.05,6
DREW STAFFORD,8471226,46.16289342904473,17.86346153846154,1393.35,78
MARCUS KRUGER,8475323,37.289237668161434,13.521138211382114,554.3666666666667,41
DEVAN DUBNYK,8471227,876.3650190114068,57.33432835820896,3841.4,67
JORDAN NOLAN,8475325,41.617691154422786,8.897115384615384,462.65,52
KYLE CHIPCHURA,8471231,41.73300970873787,10.23452380952381,716.4166666666666,70
LAURI KORPIKOSKI,8471232,40.873190902825634,13.921830985915493,988.45,71
TRAVIS ZAJAC,8471233,46.82049920339883,19.85653153153153,1469.3833333333334,74
CORY SCHNEIDER,8471239,897.2280701754386,58.78390804597701,3409.4666666666667,58
JEFF SCHULTZ,8471240,42.11538461538461,18.25,18.25,1
MIKE GREEN,8471242,47.936646641179685,19.76846846846847,1462.8666666666666,74
DAVE BOLLAND,8471245,41.77470355731225,14.092,352.3,25
NIC DOWD,8475343,42.87837837837838,10.576666666666666,52.88333333333333,5
HUDSON FASCHING,8477392,43.205357142857146,11.521428571428572,80.65,7
BRYAN BICKELL,8471254,42.068767908309454,9.788,244.7,25
BLAKE COMEAU,8471260,46.8695181375203,17.812345679012346,1442.8,81
MATTIAS JANMARK,8477406,43.19902574808629,14.172831050228309,1034.6166666666666,73
CARL SODERBERG,8471262,47.47402249598286,18.015040650406505,1477.2333333333333,82
ANTHONY DUCLAIR,8477407,43.732165206508135,14.379423868312758,1164.7333333333333,81
JONAS GUSTAVSSON,8475361,888.3294117647059,52.43611111111111,1258.4666666666667,24
NICKLAS GROSSMANN,8471269,40.90879048248513,17.785919540229884,1031.5833333333333,58
SVEN ANDRIGHETTO,8477413,42.6441647597254,14.117803030303032,621.1833333333333,44
ANTON SLEPYSHEV,8477415,41.56521739130435,8.690909090909091,95.6,11
NIKITA NIKITIN,8471348,43.422222222222224,14.803030303030303,162.83333333333334,11
BRANDON DUBINSKY,8471273,46.063284233497,18.76311111111111,1407.2333333333333,75
ALEX GOLIGOSKI,8471274,48.52980132450331,23.830894308943087,1954.1333333333334,82
OLIVER BJORKSTRAND,8477416,48.12970711297071,15.97638888888889,191.71666666666667,12
DAVID KREJCI,8471276,50.5184331797235,20.300925925925927,1461.6666666666667,72
JUUSE SAROS,8477424,870.25,58.016666666666666,58.016666666666666,1
MILES WOOD,8477425,49.125,13.1,13.1,1
NICK PAUL,8477426,41.315294117647056,12.19375,292.65,24
BRANDON PRUST,8471283,43.231884057971016,12.784285714285714,447.45,35
ANDREJ SEKERA,8471284,46.288520296813616,21.82037037037037,1767.45,81
ANDREW COPP,8477429,39.84375,8.003246753246753,616.25,77
TOBIAS LINDBERG,8477427,44.201550387596896,15.83888888888889,95.03333333333333,6
BEN HARPUR,8477433,47.10344827586207,13.66,68.3,5
ALEXEI EMELIN,8471296,47.78791149487318,20.497916666666665,1475.85,72
ANDRE BURAKOVSKY,8477444,47.78328173374613,13.024472573839661,1028.9333333333334,79
HUNTER SHINKARUK,8477445,46.044871794871796,14.964583333333334,119.71666666666667,8
MICHAEL MCCARRON,8477446,39.59887005649718,11.681666666666667,233.63333333333333,20
ALEXANDER EDLER,8471303,47.71232020012508,24.452564102564104,1271.5333333333333,52
MARKO DANO,8477448,44.157243816254415,12.251470588235295,416.55,34
SHEA THEODORE,8477447,48.19469026548673,19.108771929824563,363.06666666666666,19
THOMAS GREISS,8471306,946.5448275862069,54.46388888888889,2287.483333333333,42
RYAN HARTMAN,8477451,38.674418604651166,9.238888888888889,27.716666666666665,3
JASON DICKINSON,8477450,42.05882352941177,11.916666666666666,11.916666666666666,1
JOHAN FRANZEN,8471309,42.0,12.95,25.9,2
CHRIS BIGRAS,8477453,42.86010362694301,13.341935483870968,413.6,31
TYLER KENNEDY,8471311,44.306930693069305,13.425,671.25,50
JACOB DE LA ROSE,8477455,39.26794258373206,12.434848484848485,273.56666666666666,22
LAURENT DAUPHIN,8477460,41.776923076923076,11.314583333333333,90.51666666666667,8
CRAIG CUNNINGHAM,8475414,43.214285714285715,10.083333333333334,100.83333333333333,10
STEVEN SANTINI,8477463,46.05263157894737,14.583333333333334,14.583333333333334,1
NIC PETAN,8477464,46.51269035532995,11.747435897435897,305.43333333333334,26
GUSTAV OLOFSSON,8477467,40.851851851851855,9.191666666666666,18.383333333333333,2
JOSH MORRISSEY,8477504,41.47826086956522,15.9,15.9,1
WILLIE MITCHELL,8465185,50.31473010064044,19.92536231884058,916.5666666666667,46
JUSTIN BAILEY,8477473,48.426086956521736,11.602083333333333,92.81666666666666,8
KEVIN PORTER,8471331,41.809309309309306,11.31910569105691,464.0833333333333,41
RYAN PULOCK,8477506,47.34448160535117,15.72888888888889,235.93333333333334,15
BRANDON MANNING,8475430,42.71769230769231,16.527678571428574,925.55,56
TORREY MITCHELL,8471338,36.93848257006152,12.68568075117371,900.6833333333333,71
RYAN CALLAHAN,8471339,48.12109623964309,17.237899543378997,1258.3666666666666,73
EMILE POIRIER,8477486,42.743589743589745,13.891666666666667,27.783333333333335,2
BRETT PESCE,8477488,45.83244837758112,18.76473429951691,1294.7666666666667,69
KRIS VERSTEEG,8471346,44.37702871410737,15.387878787878787,1184.8666666666666,77
NATHAN MACKINNON,8477492,48.05483490566038,18.865972222222222,1358.35,72
ALEKSANDER BARKOV,8477493,50.720500988793674,19.430050505050506,1282.3833333333334,66
JONATHAN DROUIN,8477494,48.01583113456464,14.442857142857143,303.3,21
SETH JONES,8477495,50.921689606074985,22.076543209876544,1788.2,81
ELIAS LINDHOLM,8477496,44.4428927680798,18.11138211382114,1485.1333333333334,82
SEAN MONAHAN,8477497,43.78101503759399,19.169958847736623,1552.7666666666667,81
DARNELL NURSE,8477498,47.23914269599549,20.230676328502415,1395.9166666666667,69
RASMUS RISTOLAINEN,8477499,48.34084726000777,25.280691056910566,2073.016666666667,82
BO HORVAT,8477500,41.85253227408143,17.132317073170732,1404.85,82
VALERI NICHUSHKIN,8477501,43.69424222369292,13.928691983122365,1100.3666666666666,79
NIKLAS BACKSTROM,8473404,930.8666666666667,58.17916666666667,232.71666666666667,4
BRENDEN DILLON,8475455,47.03152039555006,16.68793859649123,1268.2833333333333,76
MAX DOMI,8477503,45.44774414620217,16.374279835390947,1326.3166666666666,81
ALEXANDER WENNBERG,8477505,45.5045045045045,15.860628019323672,1094.3833333333334,69
MIKHAIL GRABOVSKI,8471362,45.57010213556175,14.103160919540231,817.9833333333333,58
NIKITA ZADOROV,8477507,47.656716417910445,16.93257575757576,372.51666666666665,22
BRYAN LITTLE,8473412,44.662,19.58859649122807,1116.55,57
CURTIS LAZAR,8477508,42.7288708586883,13.858771929824561,1053.2666666666667,76
RADKO GUDAS,8475462,46.64381443298969,19.84407894736842,1508.15,76
KERBY RYCHEL,8477510,40.86577181208054,9.5140625,304.45,32
MIRCO MUELLER,8477509,41.90419161676647,10.603030303030302,116.63333333333334,11
ALEX BIEGA,8473415,41.63636363636363,16.76339869281046,854.9333333333333,51
ANDREW AGOZZINO,8475461,42.80555555555556,8.56111111111111,77.05,9
MIKE BROWN,8471371,37.734722222222224,7.807183908045976,452.81666666666666,58
BRAD MARCHAND,8473419,44.432781799379526,18.60021645021645,1432.2166666666667,77
ANTHONY MANTHA,8477511,44.71337579617835,11.7,117.0,10
NICK FOLIGNO,8473422,47.91332895600788,16.891666666666666,1216.2,72
FREDERIK GAUTHIER,8477512,40.95070422535211,13.845238095238095,96.91666666666667,7
MIKE WEBER,8473426,42.347517730496456,15.48037037037037,696.6166666666667,45
BUD HOLLOWAY,8473431,43.9,7.316666666666666,7.316666666666666,1
DEREK DORSETT,8473432,41.48105181747873,12.59037558685446,893.9166666666666,71
ADAM PARDY,8471385,45.76200417536534,15.884057971014494,365.3333333333333,23
CHAD JOHNSON,8473434,927.5654761904761,56.46050724637681,2597.1833333333334,46
ROSS JOHNSTON,8477527,44.40909090909091,16.283333333333335,16.283333333333335,1
MIKE SANTORELLI,8471390,42.68781470292044,10.092619047619047,706.4833333333333,70
ROMAN POLAK,8471392,46.80567010309279,19.156751054852318,1513.3833333333334,79
ERIK JOHNSON,8473446,48.84776403425309,23.442465753424656,1711.3,73
KYLE OKPOSO,8473449,50.52400468384075,18.205696202531648,1438.25,79
KARRI RAMO,8471403,919.1285714285714,57.96306306306306,2144.633333333333,37
TREVOR LEWIS,8473453,42.7949052906597,14.559777777777779,1091.9833333333333,75
STEVE MASON,8473461,883.2990654205607,58.34135802469135,3150.4333333333334,54
LEO KOMAROV,8473463,39.96488294314381,17.835074626865673,1194.95,67
JAMIE MCGINN,8473465,46.62459546925567,14.292658730158731,1200.5833333333333,84
RYAN WHITE,8473466,42.824902723735406,12.56392694063927,917.1666666666666,73
ANTON KHUDOBIN,8471418,929.5652173913044,39.592592592592595,356.3333333333333,9
ERIC GRYBA,8473468,45.16759332803812,17.882389937106918,947.7666666666667,53
SERGEY TOLCHINSKY,8477566,37.23684210526316,11.791666666666666,23.583333333333332,2
MILAN LUCIC,8473473,48.8466472303207,17.237037037037037,1396.2,81
DAVID LEGWAND,8467330,40.60282436010591,9.705274261603375,766.7166666666667,79
TROY BROUWER,8471426,39.70275403608737,16.99471544715447,1393.5666666666666,82
BRAD STUART,8467331,39.68503937007874,14.0,84.0,6
VINCENT LECAVALIER,8467329,41.90096878363832,13.24013605442177,648.7666666666667,49
ALEX TANGUAY,8467338,46.312849162011176,15.790476190476191,1105.3333333333333,70
JIRI TLUSTY,8473482,44.47027027027027,13.711666666666668,411.35,30
MATT HUNWICK,8471436,44.92754424778761,22.56361111111111,1353.8166666666666,60
CHRIS STEWART,8473485,43.858524788391776,10.794940476190476,604.5166666666667,56
MATT BELESKEY,8473492,45.76849067949489,15.856875,1268.55,80
RONALDS KENINS,8477589,42.7890625,11.410416666666666,91.28333333333333,8
JOSH JOORIS,8477591,37.85987815491732,12.288418079096044,725.0166666666667,59
SCOTT GOMEZ,8467351,41.00709219858156,11.337254901960785,385.46666666666664,34
RETO BERRA,8473499,960.9555555555555,51.4797619047619,720.7166666666667,14
JAMES REIMER,8473503,880.9423076923077,57.261250000000004,2290.45,40
CAL CLUTTERBUCK,8473504,37.36795655125594,11.914069264069264,917.3833333333333,77
JEFF PETRY,8473507,47.7007299270073,21.356209150326794,1089.1666666666667,51
CLAUDE GIROUX,8473512,45.27165725047081,20.54636752136752,1602.6166666666666,78
MIKE FISHER,8467370,43.47708082026538,17.163095238095238,1201.4166666666667,70
MIKE RIBEIRO,8467371,49.16231884057971,17.449588477366255,1413.4166666666667,81
PEKKA RINNE,8471469,885.310606060606,59.02070707070707,3895.366666666667,66
JHONAS ENROTH,8473523,870.8135593220339,53.51875,856.3,16
DANIEL WINNIK,8471476,41.696,13.71578947368421,1042.4,76
JORDAN STAAL,8473533,43.20142517814727,18.483536585365854,1515.65,82
BRAD RICHARDS,8467389,46.36021505376344,14.794362745098038,1006.0166666666667,68
PATRIK BERGLUND,8473534,39.707019328585965,15.488888888888889,650.5333333333333,42
VIKTOR STALBERG,8473537,38.80848056537103,12.20311111111111,915.2333333333333,75
ADAM CRACKNELL,8471490,42.92575928008999,12.231089743589743,636.0166666666667,52
JONATHAN BERNIER,8473541,858.7066666666667,56.493859649122804,2146.766666666667,38
TOM SESTITO,8473542,40.911764705882355,5.795833333333333,23.183333333333334,4
DERICK BRASSARD,8473544,45.78613333333333,17.88520833333333,1430.8166666666666,80
FRANCOIS BEAUCHEMIN,8467400,51.456630525437866,25.079878048780486,2056.55,82
JANNIK HANSEN,8471498,44.22021419009371,16.43407960199005,1101.0833333333333,67
MICHAEL GRABNER,8473546,38.181418361737215,14.469166666666666,1157.5333333333333,80
PHIL KESSEL,8473548,47.951219512195124,18.38130081300813,1507.2666666666667,82
RINAT VALIEV,8477642,40.38461538461539,12.25,122.5,10
ANDREW BODNARCHUK,8473550,42.144615384615385,12.339639639639639,456.56666666666666,37
JASON SPEZZA,8469455,45.459327217125384,16.51688888888889,1238.7666666666667,75
RENE BOURQUE,8471504,42.82147838214784,10.443197278911564,511.71666666666664,49
BRIAN GIONTA,8467407,47.27334083239595,17.732489451476795,1400.8666666666666,79
JEFF ZATKOFF,8473553,896.3877551020408,52.28928571428571,732.05,14
MIKKO KOIVU,8469459,49.822662601626014,19.929065040650407,1634.1833333333334,82
RYAN STANTON,8475598,27.42105263157895,8.683333333333334,8.683333333333334,1
TUOMO RUUTU,8469462,45.286282306163024,11.504545454545454,379.65,33
KORBINIAN HOLZER,8473560,46.93235831809872,14.754022988505747,427.8666666666667,29
DAN HAMHUIS,8469465,45.46979865771812,21.415229885057474,1242.0833333333333,58
ALES HEMSKY,8469466,40.16008174386921,13.101111111111113,982.5833333333334,75
NICKLAS BACKSTROM,8473563,49.522662076878945,19.18177777777778,1438.6333333333334,75
MICHAEL FROLIK,8473564,40.87946127946128,15.808854166666666,1011.7666666666667,64
RJ UMBERGER,8469469,40.7770154373928,10.15940170940171,396.21666666666664,39
CARLO COLAIACOVO,8469470,40.81070496083551,14.472685185185185,521.0166666666667,36
BRIAN STRAIT,8473565,46.347449470644854,15.43429487179487,802.5833333333334,52
SHAWN HORCOFF,8467423,40.2017094017094,13.287005649717514,783.9333333333333,59
NATE PROSSER,8475613,41.48706411698538,11.383333333333333,614.7,54
JOHN MCCARTHY,8473562,35.416666666666664,7.083333333333333,7.083333333333333,1
JAMIE MCBAIN,8473571,42.0625,12.236363636363636,538.4,44
ARTEM ANISIMOV,8473573,46.27408637873754,18.08896103896104,1392.85,77
SHAWN MATTHIAS,8473574,40.76841359773371,13.512910798122066,959.4166666666666,71
SEMYON VARLAMOV,8473575,929.2401960784314,55.42836257309941,3159.4166666666665,57
CARTER HUTTON,8475622,863.7647058823529,57.5843137254902,978.9333333333333,17
MATT IRWIN,8475625,41.674418604651166,14.933333333333334,29.866666666666667,2
NIKOLAI KULEMIN,8473579,40.821983273596175,14.060905349794238,1138.9333333333334,81
KASPERI KAPANEN,8477953,45.867816091954026,14.77962962962963,133.01666666666668,9
ANDREW MACDONALD,8473584,46.049046321525886,20.119047619047617,563.3333333333334,28
TIM JACKMAN,8469490,38.22222222222222,5.733333333333333,11.466666666666667,2
ERIK CONDRA,8473588,43.254364089775564,10.70679012345679,578.1666666666666,54
FEDOR TYUTIN,8469492,45.78947368421053,17.59016393442623,1073.0,61
CHRIS SUMMERS,8473589,36.44736842105263,15.38888888888889,46.166666666666664,3
ROB SCUDERI,8467452,43.24312590448625,15.81005291005291,996.0333333333333,63
CHRIS THORBURN,8469501,38.662267080745345,10.121341463414634,829.95,82
MIKE CAMMALLERI,8469500,49.22289766970618,19.27896825396825,809.7166666666667,42
BRANDON BOLLIG,8475650,37.765370138017566,9.289814814814815,501.65,54
JASON POMINVILLE,8469506,47.23348300192431,16.363777777777777,1227.2833333333333,75
JONATHAN TOEWS,8473604,45.41219872110182,19.23395833333333,1538.7166666666667,80
JAY MCCLEMENT,8469508,40.64366944655042,11.603679653679654,893.4833333333333,77
MICHAL NEUVIRTH,8473607,936.1623931623932,57.04739583333333,1825.5166666666667,32
PETER BUDAJ,8469514,623.0,62.3,62.3,1
CAM TALBOT,8475660,911.9377990430622,56.72470238095238,3176.5833333333335,56
DAVE DZIURZYNSKI,8475661,40.69711538461539,10.077380952380953,141.08333333333334,14
RICHARD BACHMAN,8473614,898.0,59.86666666666667,59.86666666666667,1
EDDIE LACK,8475663,929.9596774193549,54.911904761904765,1921.9166666666667,35
TOMAS PLEKANEC,8469521,41.5011379153391,18.532113821138214,1519.6333333333334,82
MATHIEU PERREAULT,8473618,47.15652173913043,16.54906103286385,1174.9833333333333,71
TYLER GAUDET,8477715,46.375,10.6,148.4,14
BEN SCRIVENS,8475681,880.6785714285714,54.79777777777778,821.9666666666667,15
SERGEI BOBROVSKY,8475683,920.1521739130435,57.19864864864864,2116.35,37
CHRIS NEIL,8467493,41.555865921787706,9.298125,743.85,80
ANDREI MARKOV,8467496,52.144064028457095,23.835772357723577,1954.5333333333333,82
PATRICK SHARP,8469544,46.06479357798165,17.617763157894736,1338.95,76
CHRISTOPHER TANEV,8475690,43.09090909090909,21.753623188405797,1501.0,69
JORDIN TOOTOO,8469547,44.320388349514566,11.527777777777777,760.8333333333334,66
MATS ZUCCARELLO,8475692,47.23619147816938,18.476543209876542,1496.6,81
RYAN CARTER,8473646,41.39009287925697,11.140833333333335,668.45,60
CHRISTIAN EHRHOFF,8469555,45.088978766430735,15.483680555555557,743.2166666666667,48
VICTOR BARTLEY,8473658,46.190751445086704,13.318333333333333,133.18333333333334,10
PAVEL DATSYUK,8467514,49.19974715549937,19.655050505050504,1297.2333333333333,66
CALLE JARNKROK,8475714,41.75612353567625,16.135390946502056,1306.9666666666667,81
OSCAR LINDBERG,8475715,40.65548281505728,12.17671568627451,828.0166666666667,68
MARTIN MARINCIN,8475716,44.61118690313779,16.76923076923077,1090.0,65
CALVIN PICKARD,8475717,832.7605633802817,49.27166666666667,985.4333333333333,20
DAVID SCHLEMKO,8473673,45.65712545676005,18.64900497512438,1249.4833333333333,67
JASON ZUCKER,8475722,47.06879432624113,15.579107981220657,1106.1166666666666,71
TYLER TOFFOLI,8475726,45.77055346587856,17.31280487804878,1419.65,82
RYAN SPOONER,8475727,47.22352176738141,15.141041666666666,1211.2833333333333,80
JOHAN LARSSON,8475728,45.75730180806676,14.819594594594594,1096.65,74
STEPHEN JOHNS,8475730,45.801223241590215,17.829761904761902,249.61666666666667,14
GREG MCKEGG,8475735,40.391304347826086,8.257777777777777,123.86666666666666,15
CONNOR BRICKLEY,8475736,44.268382352941174,8.72536231884058,200.68333333333334,23
JORDAN WEAL,8475738,44.17977528089887,9.36190476190476,131.06666666666666,14
KEVIN BIEKSA,8469598,49.72555555555556,21.01079812206573,1491.7666666666667,71
EVGENY KUZNETSOV,8475744,50.431430253090056,17.415243902439027,1428.05,82
CHARLIE COYLE,8475745,48.299489506522974,17.307317073170733,1419.2,82
PATRIK NEMETH,8475747,42.809123649459785,15.640350877192983,594.3333333333334,38
CHRISTIAN THOMAS,8475749,38.30952380952381,8.93888888888889,53.63333333333333,6
JON MERRILL,8475750,44.6560449859419,16.896453900709222,794.1333333333333,47
MIKE SMITH,8469608,992.5471698113207,54.796875,1753.5,32
JUSTIN FAULK,8475753,51.029556650246306,24.27890625,1553.85,64
CODY MCLEOD,8471657,42.1920260374288,10.539430894308943,864.2333333333333,82
BROCK NELSON,8475754,45.82577565632458,15.80329218106996,1280.0666666666666,81
ALEX PETROVIC,8475755,47.96,16.955555555555556,1119.0666666666666,66
BRETT BULMER,8475757,35.55882352941177,6.716666666666667,20.15,3
DEVANTE SMITH-PELLY,8475758,40.62220309810671,12.292447916666667,786.7166666666667,64
BRANDON GORMLEY,8475759,39.16288659793815,12.175641025641026,316.56666666666666,26
NICK BJUGSTAD,8475760,47.741194486983154,15.509950248756219,1039.1666666666667,67
BEAU BENNETT,8475761,41.03310104529617,11.895454545454546,392.55,33
MASON RAYMOND,8471664,40.82509505703422,12.341379310344827,357.9,29
KEVIN HAYES,8475763,43.435278336686785,13.662869198312235,1079.3666666666666,79
CAM FOWLER,8475764,51.20086862106406,22.780676328502416,1571.8666666666666,69
PAUL STASTNY,8471669,42.90665110851808,19.1515625,1225.7,64
VLADIMIR TARASENKO,8475765,42.0201972757163,18.637708333333332,1491.0166666666667,80
MAREK ZIDLICKY,8469623,47.511984659635665,15.583333333333334,825.9166666666666,53
JADEN SCHWARTZ,8475768,42.2094175960347,17.203535353535354,567.7166666666667,33
AUSTIN WATSON,8475766,39.140732265446225,10.002631578947367,570.15,57
QUINTON HOWDEN,8475769,46.15728900255755,10.372126436781608,601.5833333333334,58
SIDNEY CROSBY,8471675,46.47729422894986,20.469375,1637.55,80
BOBBY RYAN,8471676,47.42670454545455,17.175102880658436,1391.1833333333334,81
JACK JOHNSON,8471677,51.711824123588826,24.175277777777776,1450.5166666666667,60
BENOIT POULIOT,8471678,42.3365307753797,16.04939393939394,882.7166666666667,55
CAREY PRICE,8471679,1021.9512195121952,58.19444444444444,698.3333333333334,12
RILEY SHEAHAN,8475772,41.123333333333335,15.230864197530865,1233.7,81
JACK SKILLE,8471681,40.80749219562955,8.832432432432432,653.6,74
EMERSON ETEM,8475770,44.21449275362319,13.15,762.7,58
JOHN SCOTT,8473722,37.301587301587304,6.527777777777778,78.33333333333333,12
CHRIS WAGNER,8475780,41.00694444444444,9.155038759689923,393.6666666666667,43
ANZE KOPITAR,8471685,49.80943025540275,20.866666666666667,1690.2,81
MARC STAAL,8471686,43.25309229305424,19.679220779220778,1515.3,77
JUSSI JOKINEN,8469638,46.37245696400626,18.29135802469136,1481.6,81
JEFF SKINNER,8475784,46.831677381648156,16.286382113821137,1335.4833333333333,82
BROOKS LAICH,8469639,41.165925925925926,11.434979423868311,926.2333333333333,81
PHEONIX COPLEY,8477831,509.6666666666667,12.741666666666667,25.483333333333334,2
MARTIN HANZAL,8471691,46.36499321573948,17.797395833333333,1139.0333333333333,64
ALEXANDER BURMISTROV,8475788,44.888063963449454,16.172633744855965,1309.9833333333333,81
JAKUB KINDL,8471693,43.3607257203842,15.389772727272726,677.15,44
ERIK GUDBRANSON,8475790,51.903225806451616,20.1125,1287.2,64
TUUKKA RASK,8471695,985.1919642857143,57.46953125,3678.05,64
BRETT CONNOLLY,8475792,41.57680722891566,12.961032863849764,920.2333333333333,71
TAYLOR HALL,8475791,48.16012238653748,19.195528455284553,1574.0333333333333,82
TYLER SEGUIN,8475794,48.159977064220186,19.44236111111111,1399.85,72
RYAN JOHANSEN,8475793,48.31002865329513,17.562708333333333,1405.0166666666667,80
MARK PYSYK,8475796,41.09631949882537,15.903030303030302,874.6666666666666,55
TREVOR VAN RIEMSDYK,8477845,43.00962379702537,19.983739837398375,1638.6666666666667,82
MIKAEL GRANLUND,8475798,48.05822102425876,18.119512195121953,1485.8,82
NINO NIEDERREITER,8475799,46.34787878787879,15.54349593495935,1274.5666666666666,82
TEEMU PULKKINEN,8475800,42.347457627118644,11.56712962962963,416.4166666666667,36
STEVE DOWNIE,8471703,40.2378223495702,9.001923076923077,234.05,26
CHRISTIAN FOLIN,8477850,42.996219281663514,14.580128205128204,379.0833333333333,26
JAMES NEAL,8471707,48.59192128430865,19.071341463414633,1563.85,82
MATT NISKANEN,8471702,51.54418011894647,24.66158536585366,2022.25,82
MARC-EDOUARD VLASIC,8471709,51.06095551894563,23.129850746268655,1549.7,67
TAYLOR CHORNEY,8471710,43.18452380952381,13.190909090909091,725.5,55
JOAKIM NORDSTROM,8475807,40.838036809815954,15.625821596244132,1109.4333333333334,71
MICHAEL CHAPUT,8475808,41.52884615384615,8.997916666666667,71.98333333333333,8
JOHNNY ODUYA,8469665,44.81761287438534,20.377439024390245,1670.95,82
BRYAN RUST,8475810,40.188235294117646,12.497560975609757,512.4,41
ONDREJ PAVELEC,8471715,890.1875,55.85490196078432,1899.0666666666666,34
JUSTIN ABDELKADER,8471716,45.41962944416625,18.43556910569106,1511.7166666666667,82
ADAM MCQUAID,8471717,42.473329245861436,18.040104166666666,1154.5666666666666,64
SCOTT WEDGEWOOD,8475809,1031.7857142857142,60.1875,240.75,4
JULIAN MELCHIORI,8475815,45.78061224489796,13.595454545454546,149.55,11
STANISLAV GALIEV,8475816,46.08070175438596,9.12013888888889,218.88333333333333,24
JOONAS DONSKOI,8475820,42.32065573770492,14.15328947368421,1075.65,76
KRIS LETANG,8471724,52.22292993630573,26.94507042253521,1913.1,71
KRIS RUSSELL,8471729,44.6396255850234,23.075806451612902,1430.7,62
RICH CLUNE,8471733,36.04296875,8.093859649122807,153.78333333333333,19
JONATHAN QUICK,8471734,976.0846774193549,59.33063725490196,4034.483333333333,68
KEITH YANDLE,8471735,45.616813748258245,19.9619918699187,1636.8833333333334,82
PHILIPP GRUBAUER,8475831,913.1780821917808,50.50151515151515,1111.0333333333333,22
TOM KUHNHACKL,8475832,37.86206896551724,12.2,512.4,42
JOHN RAMAGE,8475829,47.166666666666664,14.15,14.15,1
ALEX FRIESEN,8475836,41.35294117647059,11.716666666666667,11.716666666666667,1
CODY FRANSON,8471742,42.15275813295615,16.83728813559322,993.4,59
LOUIS DOMINGUE,8475839,888.3489932885906,56.56581196581196,2206.0666666666666,39
PATRICK BROWN,8477887,41.68503937007874,12.604761904761906,88.23333333333333,7
SAM CARRICK,8475842,36.857142857142854,11.466666666666667,34.4,3
KENNY AGOSTINO,8475844,41.69230769230769,13.55,27.1,2
BEN BISHOP,8471750,919.1367521367522,58.764480874316945,3584.633333333333,61
BRENDAN GALLAGHER,8475848,42.475423045930704,16.576100628930817,878.5333333333333,53
MARC-ANDRE GRAGNANI,8471752,42.03658536585366,14.3625,57.45,4
PA PARENTEAU,8469707,43.41965317919075,16.25887445887446,1251.9333333333334,77
PETR MRAZEK,8475852,906.3010204081633,54.82561728395061,2960.5833333333335,54
DANIEL CARR,8477901,39.95443645083933,12.073188405797103,277.68333333333334,23
DENNIS EVERBERG,8477902,38.32857142857143,8.943333333333333,134.15,15
JESPER FAST,8475855,40.76396085204375,14.93818565400844,1180.1166666666666,79
CODY BASS,8471760,36.867924528301884,7.662745098039215,130.26666666666668,17
CHRIS BUTLER,8471761,39.6551724137931,11.5,57.5,5
CHRIS VANDEVELDE,8471762,41.8203125,13.551898734177216,1070.6,79
KEVIN GRAVEL,8475857,39.80681818181818,11.676666666666668,58.38333333333333,5
GARNET HATHAWAY,8477903,38.530534351145036,12.017857142857142,168.25,14
JARED BOLL,8471766,37.28971962616822,6.65,199.5,30
NIKLAS HJALMARSSON,8471769,43.660377358490564,22.378189300411524,1812.6333333333334,81
ROMAN WILL,8477914,369.3333333333333,18.466666666666665,18.466666666666665,1
BORNA RENDULIC,8477916,42.34375,7.527777777777778,22.583333333333332,3
BRANDON DAVIDSON,8475869,44.87471352177234,19.19640522875817,979.0166666666667,51
ALEX STALOCK,8471774,825.469387755102,51.85641025641026,674.1333333333333,13
ANTHONY BITETTO,8475868,43.188559322033896,12.133928571428573,339.75,28
MELKER KARLSSON,8477922,39.9560606060606,13.523589743589744,879.0333333333333,65
MICHAEL KERANEN,8477923,46.125,6.15,6.15,1
FREDDIE HAMILTON,8475878,36.285714285714285,12.7,50.8,4
DENNIS RASMUSSEN,8477929,40.32,9.163636363636364,403.2,44
PIERRE-EDOUARD BELLEMARE,8477930,41.292666209732694,13.568918918918918,1004.1,74
FREDERIK ANDERSEN,8475883,925.3422818791946,53.44031007751938,2297.9333333333334,43
AARON EKBLAD,8477932,54.019701810436636,21.67713675213675,1690.8166666666666,78
SAM REINHART,8477933,49.7214953271028,16.83607594936709,1330.05,79
LEON DRAISAITL,8477934,47.08393719806763,18.048842592592596,1299.5166666666667,72
SAM BENNETT,8477935,42.58526187576127,15.135281385281386,1165.4166666666667,77
TOMAS NOSEK,8477931,39.67391304347826,10.13888888888889,60.833333333333336,6
JAKE VIRTANEN,8477937,40.77029914529915,11.563939393939394,636.0166666666667,55
DARREN HELM,8471794,41.8359375,15.068181818181818,1160.25,77
WILLIAM NYLANDER,8477939,45.690677966101696,16.337878787878786,359.43333333333334,22
NIKOLAJ EHLERS,8477940,45.43174395819726,16.100925925925925,1159.2666666666667,72
NICK RITCHIE,8477941,44.191650853889946,11.762121212121212,388.15,33
KEVIN FIALA,8477942,45.883720930232556,13.153333333333334,65.76666666666667,5
DYLAN LARKIN,8477946,45.24900284900285,16.544166666666666,1323.5333333333333,80
SONNY MILANO,8477947,46.30769230769231,13.377777777777776,40.13333333333333,3
NATHAN GERBE,8471804,43.166097838452785,13.454964539007092,632.3833333333333,47
ZACH TROTMAN,8475902,44.4359243697479,18.553947368421053,705.05,38
VERNON FIDDLER,8469759,38.00265428002654,11.640243902439023,954.5,82
ROBBY FABBRI,8477952,41.98613138686132,13.315046296296297,958.6833333333333,72
ZBYNEK MICHALEK,8469760,41.407300115874854,17.01642857142857,1191.15,70
JOHN KLINGBERG,8475906,50.209223300970876,22.682236842105265,1723.85,76
MICHEAL FERLAND,8475907,37.59972008397481,12.612676056338028,895.5,71
JARED MCCANN,8477955,41.4728,12.521980676328502,864.0166666666667,69
DAVID PASTRNAK,8477956,45.06019007391763,13.945098039215686,711.2,51
NIKOLAY GOLDOBIN,8477958,43.142857142857146,11.185185185185185,100.66666666666667,9
CAL O'REILLY,8471811,46.583333333333336,11.18,223.6,20
MARK FAYNE,8471816,40.33100233100233,16.716908212560387,1153.4666666666667,69
MARK STONE,8475913,50.592509782001116,20.113333333333333,1508.5,75
DENNIS WIDEMAN,8469770,46.281731474688186,20.615032679738565,1051.3666666666666,51
RYAN REAVES,8471817,40.460629921259844,8.02890625,513.85,64
MAREK HRIVIK,8475949,38.734939759036145,10.716666666666667,53.583333333333336,5
NIKITA TRYAMKIN,8477997,41.91717791411043,17.51923076923077,227.75,13
JOE VITALE,8471856,37.3,6.216666666666667,6.216666666666667,1
BRETT LERNOUT,8478004,48.75,6.5,6.5,1
COLIN GREENING,8471862,45.36159169550173,14.096236559139784,436.98333333333335,31
MICHAEL SGARBOSSA,8475958,38.53846153846154,8.35,8.35,1
MARK LETESTU,8473914,41.657188841201716,15.782317073170733,1294.15,82
ANTON STRALMAN,8471873,53.246044735406436,22.283105022831048,1626.6666666666667,73
BRODY SUTTER,8475980,40.99047619047619,8.966666666666667,71.73333333333333,8
BEN LOVEJOY,8473933,42.426462237365136,18.86691919191919,1245.2166666666667,66
CHASE DE LEO,8478029,45.2,9.416666666666666,18.833333333333332,2
PATRIC HORNQVIST,8471887,44.30571886691609,16.848780487804877,1381.6,82
VIKTOR ARVIDSSON,8478042,43.86105263157895,12.401190476190475,694.4666666666667,56
TIM SCHALLER,8477213,37.56637168141593,8.323529411764707,141.5,17
TEDDY PURCELL,8473962,45.224646226415096,16.820394736842108,1278.35,76
MIKE ANGELIDIS,8471916,42.35294117647059,9.0,36.0,4
ROB KLINKHAMMER,8473970,41.61052631578947,9.411904761904761,131.76666666666668,14
JONAS HILLER,8473972,871.5268817204301,51.95641025641025,1350.8666666666666,26
ALEX KILLORN,8473986,49.11251504211793,16.795267489711936,1360.4166666666667,81
LUKE GAZDIC,8473989,37.971830985915496,6.197701149425288,179.73333333333332,29
KARL ALZNER,8473991,46.78158362989324,21.375,1752.75,82
JUSTIN FALK,8473992,42.9454926624738,14.225694444444445,341.4166666666667,24
JAMIE BENN,8473994,44.96029210406207,20.021951219512193,1641.8,82
BEN STREET,8476043,35.45977011494253,7.345238095238096,51.416666666666664,7
STEVEN KAMPFER,8474000,47.98872604284104,15.094326241134752,709.4333333333333,47
ANDREW DESJARDINS,8471956,40.83553500660502,13.382034632034634,1030.4166666666667,77
ALEX GRANT,8474005,41.78947368421053,13.233333333333333,66.16666666666667,5
DAN GIRARDI,8471958,43.418671799807505,20.320720720720722,1503.7333333333333,74
PAUL CAREY,8474008,48.83673469387755,9.970833333333333,39.88333333333333,4
NICK BONINO,8474009,42.04424157303371,15.83888888888889,997.85,63
IAN COLE,8474013,44.17571690054911,17.239047619047618,1206.7333333333333,70
MARK ARCOBELLO,8476062,38.3198992443325,12.6775,253.55,20
DANIEL SEDIN,8467875,46.90691627665107,18.333739837398372,1503.3666666666666,82
HENRIK SEDIN,8467876,47.38792102206737,18.37882882882883,1360.0333333333333,74
TOMMY CROSS,8474019,44.45283018867924,13.08888888888889,39.266666666666666,3
DAVID DESHARNAIS,8471976,43.52231520223152,16.002820512820513,1040.1833333333334,65
JIM O'BRIEN,8474024,42.68421052631579,13.516666666666667,54.06666666666667,4
ERIC TANGRADI,8474025,34.583333333333336,6.916666666666667,6.916666666666667,1
JUSTIN BRAUN,8474027,48.233137829912025,20.559375,1644.75,80
KEVIN SHATTENKIRK,8474031,47.45908868201862,22.42222222222222,1614.4,72
BARRET JACKMAN,8467890,45.22727272727273,13.85730593607306,1011.5833333333334,73
PAT MAROON,8474034,44.79159663865546,12.338425925925925,888.3666666666667,72
JAMES VAN RIEMSDYK,8474037,42.04240631163708,17.76291666666667,710.5166666666667,40
PAUL BYRON,8474038,37.38641344046749,13.758602150537634,853.0333333333333,62
SAM GAGNER,8474040,45.25564681724846,13.861320754716981,734.65,53
JIRI SEKAC,8478137,44.97034596375618,11.665384615384616,454.95,39
MARTIN HAVLAT,8467899,40.84375,10.891666666666667,21.783333333333335,2
BRACKEN KEARNS,8471996,46.51219512195122,15.891666666666667,31.783333333333335,2
CHRIS TERRY,8474052,42.2415059687787,11.274754901960785,766.6833333333333,68
LOGAN COUTURE,8474053,45.28213689482471,17.387179487179488,904.1333333333333,52
CASEY NELSON,8479268,38.425925925925924,14.821428571428573,103.75,7
PK SUBBAN,8474056,55.96149843912591,26.362254901960785,1792.6333333333334,68
ANTHONY PELUSO,8474061,40.75075987841945,6.384285714285714,223.45,35
RILEY NASH,8474062,43.262608695652176,12.95625,829.2,64
THOMAS HICKEY,8474066,46.81489515545915,17.404569892473116,1079.0833333333333,62
RYAN GARBUTT,8476116,39.25207547169811,10.835208333333332,866.8166666666667,80
KYLE TURRIS,8474068,51.52140672782875,19.704678362573098,1123.1666666666667,57
PAUL POSTMA,8474074,44.222772277227726,11.452564102564104,297.76666666666665,26
BRAD MALONE,8474089,39.37876960193004,9.5453216374269,544.0833333333334,57
BRENDAN SMITH,8474090,41.9546027742749,17.6031746031746,1109.0,63
BRANDON SUTTER,8474091,44.570247933884296,17.976666666666667,359.53333333333336,20
CRAIG ANDERSON,8467950,862.099173553719,57.95222222222222,3477.133333333333,60
MATT HALISCHUK,8474094,39.38425925925926,9.452222222222222,283.56666666666666,30
NICK SPALING,8474096,39.7472,14.277011494252873,828.0666666666667,58
COLTON SCEVIOUR,8474098,39.887001477104874,12.677699530516431,900.1166666666667,71
KAEL MOUILLIERAT,8476147,37.705882352941174,10.683333333333334,10.683333333333334,1
DWIGHT KING,8474100,44.109425785482124,14.437234042553191,678.55,47
DAVID PERRON,8474102,42.44007858546169,15.21267605633803,1080.1,71
HARRY ZOLNIERCZYK,8476158,37.714285714285715,8.8,8.8,1
CHRIS KELLY,8467967,40.93364928909953,13.086363636363636,143.95,11
TJ BRENNAN,8474113,39.880503144654085,15.097619047619048,105.68333333333334,7
TAYLOR FEDUN,8476166,49.04347826086956,18.8,18.8,1
CARL GUNNARSSON,8474125,41.57253599114064,17.37962962962963,1251.3333333333333,72
MATT READ,8476177,43.47564642212868,15.253164556962025,1205.0,79
YANNICK WEBER,8474134,44.67574692442882,18.83,847.35,45
TOMAS FLEISCHMANN,8470039,40.904481132075475,15.213596491228069,1156.2333333333333,76
RICK NASH,8470041,40.17259552042161,16.939444444444444,1016.3666666666667,60
DUSTIN JEFFREY,8474138,42.39823008849557,11.407142857142857,79.85,7
PATRICK KANE,8474141,51.02846975088968,20.4010162601626,1672.8833333333334,82
KEVAN MILLER,8476191,43.910221741481884,19.05868544600939,1353.1666666666667,71
VALTTERI FILPPULA,8470047,49.057748968768415,18.256798245614036,1387.5166666666667,76
DEREK MACKENZIE,8468001,41.226122448979595,13.1515625,841.7,64
ROBERT BORTUZZO,8474145,38.78928136419001,13.269166666666667,530.7666666666667,40
MIKAEL BACKLUND,8474150,41.514637904468415,16.428658536585367,1347.15,82
RYAN MCDONAGH,8474151,46.28983451536643,22.35228310502283,1631.7166666666667,73
SCOTT DARLING,8474152,826.4778761061947,53.673563218390804,1556.5333333333333,29
PAUL THOMPSON,8476200,42.54716981132076,12.527777777777777,37.583333333333336,3
RYAN MILLER,8468011,899.551724137931,59.67614379084967,3043.483333333333,51
MAX PACIORETTY,8474157,43.262458471760795,18.527235772357724,1519.2333333333333,82
JAKUB VORACEK,8474161,45.759977515458125,18.586073059360732,1356.7833333333333,73
JAKE MUZZIN,8474162,45.2572796170722,23.0609756097561,1891.0,82
MIKE SISLO,8476209,44.73,12.425,223.65,18
ALEC MARTINEZ,8474166,43.45258999122037,21.150641025641026,1649.75,78
JOAKIM ANDERSSON,8474168,39.53400503778337,9.020114942528737,261.5833333333333,29
SHAWN THORNTON,8465978,43.95784148397976,8.689,434.45,50
CARL HAGELIN,8474176,41.8153078202995,15.706875,1256.55,80
MICHAEL LEIGHTON,8468038,789.6666666666666,39.483333333333334,39.483333333333334,1
KEITH KINKAID,8476234,768.0618556701031,51.7375,1241.7,24
JUSTIN FONTAINE,8476235,41.72043010752688,11.855555555555556,711.3333333333334,60
LARS ELLER,8474189,41.183940774487475,15.257172995780591,1205.3166666666666,79
WAYNE SIMMONDS,8474190,45.744401966138724,17.234156378600822,1395.9666666666667,81
TOM GILBERT,8470104,45.48651348651349,16.863703703703703,758.8666666666667,45
SCOTTIE UPSHALL,8470105,36.17623918174666,10.947619047619048,766.3333333333334,70
TREVOR DALEY,8470110,45.13980099502488,18.441260162601626,1512.1833333333334,82
NICK HOLDEN,8474207,46.562283737024224,21.880487804878047,1794.2,82
ALEXANDER SEMIN,8470120,43.70866141732284,12.335555555555555,185.03333333333333,15
MATT GREENE,8470121,36.46551724137931,11.75,35.25,3
JASON DEMERS,8474218,44.58874210224009,20.86801075268817,1293.8166666666666,62
HENRIK ZETTERBERG,8468083,48.378419452887535,19.410365853658536,1591.65,82
RADIM VRBATA,8468085,44.21064139941691,16.046825396825398,1010.95,63
MICHEAL HALEY,8474230,38.49717514124294,7.097916666666666,113.56666666666666,16
JYRKI JOKIPAKKA,8476279,43.48995983935743,15.558908045977011,902.4166666666666,58
KARI LEHTONEN,8470140,969.8652482269504,53.00426356589148,2279.1833333333334,43
FRANS NIELSEN,8470144,44.11834016393443,17.719958847736624,1435.3166666666666,81
ALEXEY MARCHENKO,8476289,41.117211597779146,16.831060606060607,1110.85,66
RYAN DZINGEL,8476288,41.61884368308351,10.797777777777778,323.93333333333334,30
CURTIS MCELHINNEY,8470147,808.9677419354839,43.99649122807018,835.9333333333333,19
ONDREJ PALAT,8476292,49.931835205992506,17.91908602150538,1110.9833333333333,62
SCOTT WILSON,8476293,43.71306818181818,10.685416666666667,256.45,24
JAY BOUWMEESTER,8470151,46.63848668846334,23.11412037037037,1664.2166666666667,72
ZACK SMITH,8474250,44.81616766467066,15.399794238683127,1247.3833333333334,81
NIKITA NESTEROV,8476300,48.45099904852521,14.889473684210525,848.7,57
FRANK CORRADO,8476302,40.60264105642257,14.453846153846154,563.7,39
BOYD GORDON,8470159,38.973791973791975,12.201794871794872,793.1166666666667,65
MATT STAJAN,8470162,38.969309462915604,12.6975,1015.8,80
JASON KASDORF,8476309,1200.0,60.0,60.0,1
JOSH MANSON,8476312,47.26107501476669,18.782394366197185,1333.55,71
GREGORY CAMPBELL,8470169,41.390127388535035,10.566260162601626,866.4333333333333,82
MAX TALBOT,8470171,41.64006514657981,11.213596491228069,426.1166666666667,38
LAURENT BROSSOIT,8476316,781.3478260869565,59.90333333333333,299.51666666666665,5
FRANK VATRANO,8478366,42.121212121212125,11.88034188034188,463.3333333333333,39
MAX MCCORMICK,8476323,42.54237288135593,10.458333333333334,209.16666666666666,20
ERIC NYSTROM,8470180,40.32315521628499,11.483333333333333,528.2333333333333,46
NIKITA SOSHNIKOV,8478373,41.91056910569106,15.621212121212121,171.83333333333334,11
JOSH ARCHIBALD,8476326,37.75,5.033333333333333,5.033333333333333,1
JOHNNY BOYCHUK,8470187,51.78361223312175,21.366904761904763,1495.6833333333334,70
DYLAN DEMELO,8476331,44.3,13.618148148148148,612.8166666666667,45
IIRO PAKARINEN,8476336,38.566951566951566,10.743650793650794,676.85,63
JAY BEAGLE,8474291,42.72281639928699,14.01608187134503,798.9166666666666,57
ANTON FORSBERG,8476341,712.6,44.5375,178.15,4
GARRET SPARKS,8476343,928.5238095238095,57.35,974.95,17
TYLER GRAOVAC,8476344,46.43333333333333,11.608333333333333,23.216666666666665,2
KYLE BAUN,8478393,45.25,9.05,18.1,2
JIRI HUDLER,8470201,42.60325406758448,15.75925925925926,1134.6666666666667,72
JOHNNY GAUDREAU,8476346,47.918274111675125,19.915400843881855,1573.3166666666666,79
NOAH HANIFIN,8478396,47.97343131712832,17.904008438818565,1414.4166666666667,79
JOFFREY LUPUL,8470207,41.17755102040816,14.621014492753623,672.5666666666667,46
MICHAEL MERSCH,8476352,40.723076923076924,10.380392156862746,176.46666666666667,17
PAVEL ZACHA,8478401,48.142857142857146,16.85,16.85,1
CONNOR MCDAVID,8478402,49.50388349514563,18.884814814814817,849.8166666666667,45
JACK EICHEL,8478403,51.74331848552338,19.121604938271606,1548.85,81
TOBIAS RIEDER,8476356,43.93343653250774,17.305487804878048,1419.05,82
MARK MCNEILL,8476471,40.21052631578947,12.733333333333333,12.733333333333333,1
JAMES WISNIEWSKI,8470222,23.5,0.7833333333333333,0.7833333333333333,1
FREDRIK CLAESSON,8476368,50.87362637362637,19.289583333333333,308.6333333333333,16
BLAKE PIETILA,8476370,42.83050847457627,12.033333333333333,84.23333333333333,7
MIKKO RANTANEN,8478420,42.06086956521739,8.957407407407407,80.61666666666666,9
SHANE DOAN,8462038,47.80566037735849,17.595138888888886,1266.85,72
DANIEL PAILLE,8470230,39.68115942028985,11.408333333333333,136.9,12
JOE THORNTON,8466138,46.48140601120733,18.545325203252034,1520.7166666666667,82
PATRICK MARLEAU,8466139,46.73989016475287,19.028455284552845,1560.3333333333333,82
JAROME IGINLA,8462042,49.17391304347826,15.86158536585366,1300.65,82
ANDREW SHAW,8476381,44.49513303049967,14.651068376068375,1142.7833333333333,78
ROBERTO LUONGO,8466141,927.5150214592275,58.09435483870968,3601.85,62
STEFAN NOESEN,8476474,35.411764705882355,10.033333333333333,10.033333333333333,1
MAX FRIBERG,8476384,38.43478260869565,8.84,44.2,5
DARREN DIETZ,8476379,47.24583333333333,14.537179487179488,188.98333333333332,13
SHANE PRINCE,8476386,45.01724137931034,11.230107526881719,696.2666666666667,62
OLIVER KYLINGTON,8478430,52.1,17.366666666666667,17.366666666666667,1
MARIAN HOSSA,8466148,42.985732814526585,17.261458333333334,1104.7333333333333,64
VINCENT TROCHECK,8476389,50.08158220024722,17.77017543859649,1350.5333333333333,76
ANDREY PEDAN,8476388,39.18807339449541,10.952564102564104,142.38333333333333,13
ADAM LOWRY,8476392,41.41184298070526,14.018468468468468,1037.3666666666666,74
NICK COUSINS,8476393,43.81852551984877,10.731481481481483,386.3333333333333,36
MICHAEL PALIOTTA,8476394,37.666666666666664,7.533333333333333,7.533333333333333,1
DERRICK POULIOT,8476884,43.772532188841204,15.453030303030301,339.96666666666664,22
JOEL WARD,8468208,43.93883123975969,16.97299578059072,1340.8666666666666,79
ALEXANDER STEEN,8470257,41.99589743589743,20.371144278606963,1364.8666666666666,67
LOGAN SHAW,8476400,43.885005636978576,12.240880503144655,648.7666666666667,53
KLAS DAHLBECK,8476403,40.594791035735916,15.732863849765259,1117.0333333333333,71
ANDY ANDREOFF,8476404,40.01896333754741,8.793055555555556,527.5833333333334,60
DANIEL CATENACCI,8476401,44.36923076923077,8.73939393939394,96.13333333333334,11
NICK SHORE,8476406,40.754428341384866,12.406127450980392,843.6166666666667,68
ALAN QUINE,8476409,47.355555555555554,17.758333333333333,35.516666666666666,2
JOSH LEIVO,8476410,43.470588235294116,12.316666666666666,147.8,12
JORDAN BINNINGTON,8476412,767.0,12.783333333333333,12.783333333333333,1
ALEXANDRE GRENIER,8476414,42.58762886597938,11.475,68.85,6
KYLE RAU,8476415,43.03164556962025,12.59074074074074,113.31666666666666,9
DANIEL SPRONG,8478466,42.63800904977376,8.725,157.05,18
JEAN-GABRIEL PAGEAU,8476419,43.43287526427061,16.702235772357724,1369.5833333333333,82
CHRIS HIGGINS,8470274,40.96246246246246,13.77828282828283,454.68333333333334,33
MIKE REILLY,8476422,43.17043121149897,12.082758620689654,350.4,29
REID BOUCHER,8476423,46.18533886583679,14.27008547008547,556.5333333333333,39
DUNCAN KEITH,8470281,49.17401841977702,25.235323383084577,1690.7666666666667,67
PATRICK SIELOFF,8476890,43.16,17.983333333333334,17.983333333333334,1
TY RATTIE,8476427,39.15675675675676,9.287179487179488,120.73333333333333,13
ROCCO GRIMALDI,8476428,46.99009900990099,11.865,237.3,20
SCOTT MAYFIELD,8476429,51.7563025210084,17.108333333333334,102.65,6
TOMAS JURCO,8476430,41.159592529711375,9.182954545454546,404.05,44
ADAM CLENDENING,8476431,44.85191637630662,14.795977011494251,429.0833333333333,29
BOONE JENNER,8476432,46.50518433179724,16.409146341463416,1345.55,82
MAGNUS HELLBERG,8476433,1200.0,20.0,20.0,1
JOHN GIBSON,8476434,930.4054054054054,55.97560975609756,2295.0,41
ALEX KHOKHLACHEV,8476435,38.936708860759495,10.253333333333334,51.266666666666666,5
DMITRIJ JASKIN,8476436,42.04636363636364,11.85923076923077,770.85,65
VICTOR RASK,8476437,45.363939899833056,16.983124999999998,1358.65,80
BRANDON SAAD,8476438,45.73325766174801,17.21837606837607,1343.0333333333333,78
BRETT RITCHIE,8476439,40.9485294117647,11.602083333333333,92.81666666666666,8
MARKUS GRANLUND,8476440,41.40681576144835,13.78758865248227,648.0166666666667,47
JOEL EDMUNDSON,8476441,41.852161785216175,14.929353233830847,1000.2666666666667,67
MATT NIETO,8476442,39.2731997030438,13.159452736318407,881.6833333333333,67
XAVIER OUELLET,8476443,43.50892857142857,16.243333333333332,81.21666666666667,5
CHRISTOPHER GIBSON,8476444,970.1666666666666,48.50833333333333,194.03333333333333,4
MIIKKA SALOMAKI,8476447,40.97294776119403,12.000819672131147,732.05,61
WILLIAM KARLSSON,8476448,44.00750938673342,14.469958847736626,1172.0666666666666,81
SCOTT HARRINGTON,8476449,39.02317880794702,13.094444444444443,196.41666666666666,15
LUCAS LESSIO,8476451,42.134078212290504,10.475,125.7,12
TYLER WOTHERSPOON,8476452,44.53333333333333,14.169696969696968,155.86666666666667,11
NIKITA KUCHEROV,8476453,52.88619402985075,18.407142857142855,1417.35,77
RYAN NUGENT-HOPKINS,8476454,47.177794448612154,19.0569696969697,1048.1333333333334,55
GABRIEL LANDESKOG,8476455,47.738789237668165,18.92577777777778,1419.4333333333334,75
JONATHAN HUBERDEAU,8476456,50.47895057962172,18.143640350877195,1378.9166666666667,76
ADAM LARSSON,8476457,49.382969237628174,22.51341463414634,1846.1,82
RYAN STROME,8476458,47.50854700854701,15.65774647887324,1111.7,71
MIKA ZIBANEJAD,8476459,45.14382845188285,17.76028806584362,1438.5833333333333,81
MARK SCHEIFELE,8476460,48.15234613040829,18.548826291079813,1316.9666666666667,71
SEAN COUTURIER,8476461,43.725746268656714,18.60079365079365,1171.85,63
DOUGIE HAMILTON,8476462,43.4562109025916,19.767276422764226,1620.9166666666667,82
JONAS BRODIN,8476463,46.490513392857146,20.41936274509804,1388.5166666666667,68
CAM WARD,8470320,934.7179487179487,58.419871794871796,3037.8333333333335,52
RYAN MURPHY,8476465,48.24500665778962,17.253333333333334,603.8666666666667,35
SVEN BAERTSCHI,8476466,44.11480601741884,13.458212560386473,928.6166666666667,69
NATE GUENIN,8470317,39.31660899653979,13.060344827586208,378.75,29
JT MILLER,8476468,44.161791044776116,15.034756097560976,1232.85,82
JOSH GORGES,8470324,42.72435607772255,20.465151515151515,1575.8166666666666,77
NATHAN BEAULIEU,8476470,47.57629524485451,17.45703125,1117.25,64
JONATHAN ERICSSON,8470318,40.34593765968319,18.53450704225352,1315.95,71
OSCAR KLEFBOM,8476472,47.78519417475728,21.875,656.25,30
CONNOR MURPHY,8476473,42.546542553191486,20.509615384615383,1599.75,78
JAMIE OLEKSIAK,8476467,40.60504201680672,12.71578947368421,241.6,19
JOEL ARMIA,8476469,43.21763085399449,12.161240310077519,522.9333333333333,43
JOE MORROW,8476476,45.06151645207439,15.908080808080808,524.9666666666667,33
MATT PUEMPEL,8476477,41.81323877068558,11.337820512820512,294.78333333333336,26
ANDY GREENE,8472382,48.52170176192523,22.94918699186992,1881.8333333333333,82
PHILLIP DANAULT,8476479,39.59127789046653,12.75718954248366,650.6166666666667,51
VLADISLAV NAMESTNIKOV,8476480,48.64034458004307,14.115833333333335,1129.2666666666667,80
TANNER KERO,8478528,39.06230529595015,12.29313725490196,208.98333333333332,17
STUART PERCY,8476478,35.89393939393939,13.16111111111111,39.483333333333334,3
RICKARD RAKELL,8476483,46.94455713319811,16.07199074074074,1157.1833333333334,72
JASON CHIMERA,8466251,42.83085501858736,14.050609756097561,1152.15,82
MARKUS HANNIKAINEN,8478541,35.729166666666664,7.145833333333333,28.583333333333332,4
EVAN RODRIGUES,8478542,44.0625,11.75,23.5,2
SETH GRIFFITH,8476495,43.49090909090909,9.966666666666667,39.86666666666667,4
COLE SCHNEIDER,8476766,50.5,12.625,25.25,2
MARK STREIT,8468309,46.23465909090909,21.8744623655914,1356.2166666666667,62
ARTEMI PANARIN,8478550,48.81978021978022,18.510833333333334,1480.8666666666666,80
ALEX BURROWS,8470358,42.446871310507674,15.169831223628693,1198.4166666666667,79
TURNER ELSON,8476505,44.7,14.9,14.9,1
STEPHEN GIONTA,8472410,43.065232974910394,12.210569105691057,1001.2666666666667,82
MATTHEW O'CONNOR,8478559,1160.6666666666667,58.03333333333333,58.03333333333333,1
ANDREAS MARTINSEN,8478561,44.17490952955368,11.097272727272728,610.35,55
JAKUB NAKLADAL,8478562,45.430830039525695,14.190123456790124,383.1333333333333,27
EVGENY MEDVEDEV,8478563,45.71672661870504,18.82851851851852,847.2833333333333,45
JOONAS KEMPPAINEN,8478564,40.76354679802956,12.537878787878787,551.6666666666666,44
SERGEY KALININ,8478566,45.403930131004365,13.330128205128204,1039.75,78
DEAN KUKAN,8478567,48.71345029239766,17.354166666666668,138.83333333333334,8
NOEL ACCIARI,8478569,40.564748201438846,9.892105263157895,187.95,19
ANDRE BENOIT,8470378,41.794871794871796,13.583333333333334,27.166666666666668,2
COLIN MILLER,8476525,46.015028901734105,15.79484126984127,663.3833333333333,42
BRIAN CAMPBELL,8466285,53.41471734892787,22.277845528455284,1826.7833333333333,82
VOJTECH MOZIK,8478584,40.88970588235294,13.24047619047619,92.68333333333334,7
DEREK RYAN,8478585,42.24038461538461,12.202777777777778,73.21666666666667,6
JONATHAN MARCHESSAULT,8476539,47.03314121037464,12.08925925925926,544.0166666666667,45
KURTIS GABRIEL,8476545,40.45,4.4944444444444445,13.483333333333333,3
MICHAEL KOSTKA,8474497,45.45238095238095,14.847777777777777,222.71666666666667,15
BRYAN LERG,8474516,38.96341463414634,8.875,53.25,6
JASON GARRISON,8474520,46.80927230046948,18.463657407407407,1329.3833333333334,72
ANDREW FERENCE,8466333,42.351351351351354,13.058333333333334,78.35,6
ANTTI NIEMI,8474550,918.9709302325581,54.88298611111111,2634.383333333333,48
ERIC SELLECK,8474554,33.705882352941174,9.55,9.55,1
DREW DOUGHTY,8474563,50.49377289377289,28.017886178861787,2297.4666666666667,82
STEVEN STAMKOS,8474564,53.060449050086355,19.94935064935065,1536.1,77
ALEX PIETRANGELO,8474565,51.04785112981834,26.304794520547944,1920.25,73
ZACH BOGOSIAN,8474567,47.56929046563193,22.34765625,1430.25,64
LUKE SCHENN,8474568,41.07575757575758,17.571296296296296,1265.1333333333334,72
COLIN WILSON,8474569,44.12798092209857,14.456510416666667,925.2166666666667,64
CODY HODGSON,8474570,42.21008403361345,10.732905982905983,418.5833333333333,39
MIKKEL BOEDKER,8474571,49.743288590604024,18.529375,1482.35,80
JOSH BAILEY,8474573,45.904648390941595,15.849382716049382,1283.8,81
TYLER MYERS,8474574,50.03688731682668,22.60799086757991,1650.3833333333334,73
BARCLAY GOODROW,8476624,38.86036036036036,10.270238095238094,143.78333333333333,14
JOE COLBORNE,8474577,42.30891719745223,15.165525114155251,1107.0833333333333,73
ERIK KARLSSON,8474578,64.18505177847817,28.97459349593496,2375.9166666666665,82
LUCA SBISA,8474579,43.57084607543323,17.37520325203252,712.3833333333333,41
JAKE GARDINER,8474581,44.77462207970682,20.620886075949368,1629.05,79
MICHAEL DEL ZOTTO,8474584,48.34414295168762,23.412820512820513,1217.4666666666667,52
PASCAL DUPUIS,8466393,41.48854961832061,15.097222222222223,271.75,18
JORDAN EBERLE,8474586,47.38717948717949,17.856038647342995,1232.0666666666666,69
VIKTOR TIKHONOV,8474588,43.148427672955975,11.434333333333333,571.7166666666667,50
TYLER ENNIS,8474589,51.73029045643153,18.06811594202899,415.56666666666666,23
JOHN CARLSON,8474590,50.05468258956631,23.701488095238098,1327.2833333333333,56
JACOB MARKSTROM,8474593,908.5737704918033,57.73229166666667,1847.4333333333334,32
JAKE ALLEN,8474596,911.7764705882353,54.96524822695036,2583.366666666667,47
CODY GOLOUBEF,8474597,45.38023255813953,15.126744186046512,650.45,43
ROMAN JOSI,8474600,51.22125723738627,25.484156378600822,2064.2166666666667,81
JUSTIN SCHULTZ,8474602,45.56057629338572,18.405026455026455,1159.5166666666667,63
AARON NESS,8474604,42.47142857142857,12.3875,99.1,8
PATRICK WIERCIOCH,8474605,48.34941912421805,17.340705128205126,901.7166666666667,52
ZAC DALPE,8474610,39.67741935483871,10.25,20.5,2
TRAVIS HAMONIC,8474612,56.92367256637168,23.823611111111113,1715.3,72
DEREK STEPAN,8474613,43.65566306203756,17.75532407407407,1278.3833333333334,72
PATRICE CORMIER,8474616,41.46153846153846,4.491666666666666,8.983333333333333,2
MARCO SCANDELLA,8474618,45.333,20.7,1511.1,73
